-0.983337882,-2.354475923,1
-0.586928926,-2.145577027,1
0.118576474,-1.014186304,1
-0.242923768,-1.955406578,1
0.185298458,-1.918231257,1
0.212984086,-0.915297661,1
0.352673911,-1.708490996,1
0.265920926,-2.800094976,1
-0.738308264,-2.434403886,1
0.024162112,-2.281861378,1
-0.053328091,-1.225822696,1
-0.108980332,-1.772433755,1
-0.551179969,-1.746529879,1
0.230790761,-1.929998104,1
0.443862691,-2.351544801,1
-0.74939445,-0.869856901,1
0.197294188,-1.685131711,1
0.323364932,-3.2437979,1
0.552878147,-1.55642358,1
0.574542337,-2.299019541,1
0.256688743,-2.67535101,1
-0.276371659,-2.137859441,1
-0.496339177,-2.648902189,1
-0.316443132,-2.46099129,1
0.162632487,-2.395309543,1
-0.026720984,-3.066758515,1
0.315105118,-1.470136949,1
0.320749713,-1.902998323,1
-0.39562773,-2.719821002,1
0.454186809,-1.207017817,1
-0.874434045,-1.730280344,1
0.04039215,-2.186619592,1
-0.09594468,-1.433872824,1
0.33027963,-1.444619618,1
0.256874431,-1.4803865,1
0.58898752,-1.564465662,1
0.081806721,-1.649671716,1
-0.187374628,-2.039156404,1
-0.145033312,-2.193507779,1
0.349513742,-2.240630989,1
0.352682467,-2.439371272,1
0.224590094,-2.131498433,1
-0.669058671,-2.800306923,1
0.508617641,-0.628231801,1
0.080074307,-1.236017752,1
-0.85076207,-2.710316237,1
0.045157342,-2.254806743,1
0.60813925,-2.29513876,1
0.297293929,-1.506706746,1
-0.217104303,-2.052727227,1
0.167974711,-1.839787304,1
0.251278749,-2.018054553,1
0.153804463,-2.027113658,1
-0.040471331,-1.134419914,1
-0.714874855,-2.142790109,1
0.039607522,-1.040899777,1
-0.483348229,-2.979517279,1
-0.282081816,-1.6302578,1
0.050821306,-1.921667698,1
0.685534616,-1.86342656,1
0.233050749,-1.759894909,1
0.219076727,-2.317697247,1
-0.021088103,-2.210738853,1
-0.581466526,-2.644203636,1
-1.025496093,-2.67786029,1
-0.69209929,-1.808031632,1
0.059546922,-1.716527246,1
0.785542932,-1.966477184,1
0.173867641,-1.416706838,1
-0.039894683,-0.703412599,1
-0.377901304,-2.310555377,1
-0.430455594,-3.46044663,1
-0.30603248,-1.363915106,1
0.623985659,-2.448537946,1
-0.379971921,-2.435134856,1
0.199706458,-1.351371714,1
-0.078174144,-2.180106264,1
-0.0333403,-2.77204967,1
-0.191481998,-1.885333611,1
-0.011034988,-2.087842611,1
0.745717534,-1.996354409,1
-0.329371008,-1.756327279,1
-0.17263633,-2.234425988,1
0.118803018,-1.592460487,1
-0.052835832,-2.139447946,1
-0.059943905,-1.790162661,1
-0.098842911,-1.306298098,1
-0.733808714,-1.724767059,1
0.097962308,-2.206137234,1
-0.075161125,-1.273430266,1
-0.522517153,-1.37165299,1
-0.471444086,-1.653163309,1
-0.512177233,-1.849012793,1
0.258251541,-2.397122671,1
-0.895537502,-1.139447832,1
-0.029829536,-2.379637497,1
-0.834881526,-0.616609148,1
0.604142047,-1.030691931,1
-0.009384145,-2.149069996,1
-0.558978789,-2.649165577,1
0.31986603,-2.449300561,1
0.33661274,-1.837532477,1
0.419727268,-2.156021643,1
0.470698248,-2.21980524,1
0.195503687,-2.601856427,1
-0.148107829,-2.028478034,1
0.900782319,-2.496417174,1
-0.094800532,-3.054899105,1
-0.553057894,-2.240476366,1
-0.911230803,-1.418775511,1
-0.581903594,-2.363881369,1
-0.338439963,-1.615489601,1
0.77221731,-3.023238869,1
0.269001978,-2.035140472,1
0.157439962,-1.67149804,1
-0.314625454,-1.80953389,1
0.047257657,-1.933164506,1
0.562884778,-2.405218059,1
-0.753302549,-2.537400214,1
-0.407586577,-2.647715919,1
-0.106182046,-1.925593759,1
-0.544754731,-2.599235561,1
0.598718063,-2.310255769,1
-0.295527821,-2.161966924,1
0.233853524,-0.833839274,1
-0.305780293,-2.412329322,1
0.027200405,-1.85112846,1
-0.283068636,-1.950693229,1
-0.597261634,-2.608331549,1
-0.003260228,-2.045099194,1
-0.455066057,-1.086385818,1
0.531483858,-1.714443764,1
0.322711316,-1.97392201,1
-0.679414815,-2.267210459,1
-0.168773032,-3.298587564,1
0.917781946,-1.284479521,1
0.610016093,-2.923789893,1
0.089792,-1.532016103,1
-0.38718832,-0.792576886,1
0.045563577,-2.913198217,1
-0.279145124,-1.556152615,1
-0.428880243,-2.165828253,1
-0.747318438,-2.994311271,1
-0.025051445,-2.957959937,1
0.023247015,-3.012900413,1
0.784071583,-2.335774767,1
-0.04442065,-2.924495406,1
0.25573912,-1.564923231,1
0.435590328,-0.671774483,1
0.080456512,-2.813989544,1
-0.453896386,-1.501790208,1
0.891184217,-1.51361498,1
0.191085106,-1.789896641,1
-0.052161779,-2.637753364,1
0.399454569,-2.075548462,1
-0.149325935,-2.177337581,1
-0.183997054,-1.643934155,1
0.01477422,-2.235550952,1
1.102783197,-1.382107777,1
-1.149991043,-2.236905736,1
0.091812619,-1.33420681,1
-0.291222489,-2.663557802,1
-0.122432097,-2.796992156,1
-0.458247802,0.049813636,1
-0.365668421,-2.263643888,1
0.093822358,-1.81138431,1
-0.169121769,-1.597397988,1
0.422799683,-2.305969733,1
-0.383227621,-1.673107741,1
0.206182613,-1.766646344,1
-1.080813901,-2.136218594,1
0.738371513,-1.95870506,1
0.207501403,-2.021546023,1
-0.369121096,-0.653848822,1
-0.22813821,-2.468862115,1
0.263623935,-2.693168902,1
0.4457739,-1.976100518,1
-0.064611499,-1.803634732,1
0.00639847,-1.723918311,1
0.800638109,-2.28989569,1
-0.015451707,-2.672506496,1
-0.085073583,-1.201091547,1
-0.07814002,-2.221138322,1
0.471817965,-2.547398398,1
-0.212933275,-2.14943632,1
-0.616515308,-2.124704985,1
-0.204035122,-1.298024773,1
0.507850603,-1.946407431,1
0.194826577,-1.523094512,1
-0.154782244,-2.315779998,1
0.289367603,-1.864372878,1
0.964928775,-2.205349401,1
-0.395448989,-1.940180124,1
0.370953665,-2.566277509,1
0.256503951,-2.829023681,1
-0.672564799,-0.736851346,1
0.346208137,-1.620078381,1
-0.378222643,-2.791373495,1
0.563794523,-2.386535265,1
0.158556183,-2.749763438,1
-0.000752968,-0.046520911,2
-0.111914228,-0.739120058,2
-0.252169163,-0.401450052,2
-0.084713989,-0.018241,2
0.327742186,0.424185376,2
-0.441116223,-1.043897292,2
-0.777540658,-0.221204003,2
-0.394075143,0.478393437,2
0.869227108,-0.340772834,2
-0.625909498,0.143752033,2
0.025068981,0.311312682,2
-0.234748802,0.169393737,2
-0.27818172,0.413156433,2
0.043239326,-0.077607771,2
0.033658725,-0.261631999,2
-0.455780897,-1.671674177,2
-0.318238054,-0.058781061,2
-0.44285874,0.272135937,2
-1.065677215,0.338615959,2
-0.297135807,-0.351188865,2
-0.092743673,1.12545646,2
0.988625182,0.181150709,2
-1.203771097,0.079889163,2
0.215859637,0.804652163,2
-1.06201365,-0.454397936,2
-0.167545697,-0.284819154,2
-0.688006901,1.516282084,2
0.049063947,0.007038716,2
-0.228736675,1.033159385,2
-0.095684917,-0.909791485,2
0.083235707,-0.120493405,2
0.053841755,0.239336291,2
-0.452953285,0.189761038,2
0.090094822,-0.636020216,2
0.911279315,0.012180635,2
0.087604335,-0.681420652,2
-0.241401698,0.450753161,2
-0.275687377,0.686072007,2
-0.275737511,-1.407205777,2
0.756730805,0.781521166,2
-0.164906462,-0.784905458,2
-0.432839797,0.28762134,2
-0.570903342,0.417359074,2
0.100605739,-0.126421428,2
0.143954741,-0.408005891,2
-0.665381306,0.104558194,2
0.745920098,0.277533315,2
0.195356305,0.558649755,2
-0.204583261,-1.298011879,2
0.723490422,-1.034937121,2
-0.125053382,0.904665874,2
-0.839806321,0.661946204,2
0.001815979,0.275300904,2
0.124528426,0.45231854,2
-0.212386975,0.580072351,2
0.124804869,-1.682915344,2
-0.363763706,0.702200892,2
-0.404475836,-0.306733088,2
-0.001203747,0.14585489,2
0.526232731,-0.186674184,2
0.589526231,0.551479059,2
0.265196484,-0.220393328,2
-0.356599401,0.327930575,2
0.875735977,-0.247090876,2
0.843590257,-0.691139316,2
0.292379226,0.765277841,2
-0.176378738,0.468586311,2
0.408559157,1.090519192,2
-0.396566225,0.041206965,2
-0.149087583,0.71151421,2
0.076312357,1.249364709,2
-0.366191075,-0.178024921,2
-0.173682181,-0.83670775,2
0.199428207,-0.151379223,2
-0.103357741,-0.135371566,2
-0.289576777,0.095931174,2
-0.159334756,1.082956755,2
0.294271111,-0.206271509,2
-0.382458053,0.235908858,2
-0.515608755,-0.144000046,2
-0.123553738,0.012934164,2
-0.064445564,0.198627507,2
0.033820564,0.840036732,2
-0.966614552,0.076728479,2
-0.123572063,0.450841069,2
0.070791242,0.492594335,2
1.121574938,0.578553416,2
0.700015286,-0.363279012,2
0.034736511,1.028930024,2
-0.092257502,-0.240938197,2
-0.123821128,-0.066903782,2
-0.367389001,0.887999359,2
0.086827597,0.818450525,2
-0.543180622,-0.68937139,2
0.412114503,-0.552178584,2
0.540432014,-0.858924614,2
0.549619327,0.115010263,2
-0.331965321,0.104254519,2
0.037082926,0.230286348,2
-0.353217313,0.349215201,2
0.119721951,-0.38067046,2
0.264702195,-0.628470171,2
0.16473228,0.649395889,2
0.828515431,0.475012876,2
0.523067846,-0.954480725,2
0.644897499,-0.060176532,2
-0.471507254,-0.566647157,2
0.267134138,-1.30965797,2
-0.353057179,0.094944307,2
-0.678195215,-0.050097884,2
0.085764302,-0.061581732,2
-0.126954506,0.136706871,2
0.783101201,0.558119975,2
0.366120255,0.130031279,2
-0.025140045,-0.389868259,2
-0.133755729,-0.464727852,2
0.339613162,-0.083359406,2
-1.200705446,0.196071958,2
0.204998302,-0.657551591,2
-0.028730592,-0.116567164,2
-0.290595757,0.61175353,2
0.011635887,-0.068482343,2
0.287812085,-0.441720015,2
-0.467474904,-0.174523048,2
-0.722493833,0.704965639,2
0.013279548,0.347878346,2
-0.251453601,0.782142451,2
0.043564194,0.087973209,2
-0.454572593,0.259480754,2
0.517053777,-0.353199164,2
-1.037920245,0.382870028,2
0.269907379,-0.32023345,2
0.652417292,-0.898444512,2
0.156935223,0.080949859,2
-0.065610029,1.230664367,2
-0.726105478,0.506542705,2
-0.407505356,0.736970953,2
-0.063709348,0.226960287,2
0.621395923,-0.384885354,2
0.387303854,-0.127908348,2
0.073023242,-0.172817277,2
-1.141747988,-0.296431769,2
0.831919062,0.445354494,2
-0.505823018,-0.757279171,2
0.235786328,0.547938053,2
-0.74505378,0.54653802,2
0.509466014,-0.758075342,2
-0.064230263,0.404450252,2
0.49173413,1.53701029,2
-0.40406483,-0.352414014,2
-0.66356636,0.534364362,2
-0.872388955,-0.494707884,2
-0.356697858,0.702475581,2
-0.824333729,0.158003026,2
-0.557417718,1.044763028,2
0.058976253,-0.922734108,2
-0.213337539,-0.032443632,2
0.434689026,-0.333256743,2
0.082824928,-0.124761258,2
-0.54603157,-0.398180559,2
-0.242069628,-0.527368985,2
-0.204536417,0.366016167,2
0.464266315,-0.687846439,2
0.270346535,0.938583572,2
0.341942205,-0.750222917,2
-0.176781687,0.063928068,2
0.442968479,0.337092023,2
-0.251352551,0.371084011,2
0.499276598,-0.190841347,2
-0.817743681,0.050281477,2
-0.205982713,0.607956831,2
0.313498346,-0.921149926,2
-0.107799018,-0.494415605,2
0.157621862,0.202640216,2
-0.165982414,-0.281304823,2
-0.108911143,0.866466605,2
0.453525645,0.42580313,2
0.353886325,0.045642262,2
-0.133982369,-0.953589456,2
-0.733006297,0.016507232,2
-0.485055472,-0.200118966,2
0.279315066,-0.064729619,2
-0.36936395,-0.74728367,2
0.021720428,0.315379038,2
-0.134751562,-0.657093748,2
-0.116437198,-0.143075344,2
-1.151776149,0.241234876,2
0.530077271,-0.495538895,2
-0.045132733,0.36871614,2
0.796030043,-0.832634287,2
-0.263782644,-1.777057539,2
-0.490418217,0.294071578,2
-0.646519809,0.531604063,2
0.86095113,-0.180784519,2
-0.184596131,0.318837439,2
-0.712576705,-0.731065801,2
0.185153523,-0.08041584,2
0.094876602,-1.227924037,2
0.016339943,0.747044389,2
-0.163241348,1.176310913,2
-0.29746854,0.679264995,2
-0.589347416,-0.01729574,2
0.042703349,-0.021079959,2
-0.08777821,-0.958845355,2
-1.112666476,0.499883583,2
-0.192793302,-0.133279998,2
-0.084412957,-0.415360696,2
0.600269374,-0.893043524,2
-0.001277263,-0.189586449,2
0.098980065,-0.536993412,2
0.004939845,-0.251104149,2
0.257334592,-0.770077848,2
0.307153297,1.067325304,2
0.322339767,-0.010120887,2
0.095929336,0.679854961,2
-0.611847521,-1.645459349,2
-0.469165802,-0.286627475,2
0.160985767,-0.427212512,2
0.753964759,-0.773446427,2
0.377709192,0.978161515,2
0.204716734,-0.89510288,2
-0.046348325,0.201367682,2
0.296326982,0.535333311,2
-0.897414887,0.11269737,2
0.121761743,-0.553560169,2
0.542892471,0.595245521,2
0.063174178,0.107889376,2
0.449618523,-0.672615134,2
-0.069834955,-0.877879299,2
-0.104484129,1.319755985,2
-0.159023614,-0.429123068,2
0.725317063,-1.173566558,2
-0.09870509,0.337262834,2
-0.138837497,0.196206842,2
0.635539018,-0.856240015,2
-0.427252503,-1.228833532,2
-0.350691878,-0.07355617,2
-1.028421043,0.720617488,2
-0.070079706,0.402320165,2
-0.020899869,-0.311761001,2
-0.043194498,-0.527586962,2
-0.031200407,0.17143767,2
0.826662156,0.099518995,2
0.74735074,0.398264678,2
0.03467648,-0.250324603,2
0.259861232,0.568801446,2
-0.024478918,-0.525451347,2
0.944161087,-0.209054824,2
0.670238235,0.468532244,2
0.492598369,0.62611302,2
-0.440978642,-1.226018022,2
0.491259666,0.067793166,2
0.35755351,0.385025654,2
-0.035720658,-0.917581863,2
0.144336561,0.303974319,2
-0.065479753,-0.523783399,2
-1.030855057,0.645264662,2
0.502938051,0.34056594,2
0.136610176,0.486391378,2
0.231101852,0.076349608,2
-0.676363797,0.54621923,2
0.344124119,0.87311405,2
0.036710379,1.243564435,2
-0.352016854,-0.017958609,2
0.47341608,-1.422424804,2
-0.740217128,0.019938796,2
-0.30221014,0.130008323,2
0.4803998,-0.098249024,2
-0.203293376,0.359417282,2
0.095393854,0.63920887,2
-0.140080165,-0.327600853,2
0.040238131,-0.186002217,2
-0.478749326,0.251617506,2
0.604230461,-0.347992049,2
0.233721292,0.057722562,2
0.111441459,-1.240692823,2
0.445334728,-0.708286774,2
0.465082034,-0.839746296,2
0.008041008,-0.539879029,2
0.059110516,-0.438484284,2
1.140100748,0.241791002,2
-0.465358597,0.621142802,2
-0.111680744,-0.460037737,2
-1.080560787,-0.630456329,2
-0.306429968,-0.658821882,2
0.19988628,-0.262208934,2
-1.251031353,-0.151175256,2
-1.266609983,0.305866585,2
0.545024493,-0.203223674,2
-0.209757467,-1.314552036,2
0.094472494,-0.057828113,2
-0.083651816,0.750842866,2
-0.101760202,0.753634814,2
0.564339043,-0.498984152,2
-0.127719543,-0.978899837,2
-0.782287203,1.554613956,2
0.073383281,-0.102724656,2
0.07286304,-0.061633582,2
-0.625460416,0.265994472,2
-0.401775013,-1.020808183,2
0.737229295,-0.460566205,2
-0.102213786,-0.974261321,2
-0.739488804,-0.438351523,2
-0.632930825,0.075166981,2
-0.187808067,-0.863118046,2
-0.32253975,0.373137809,2
0.5352857,0.182997232,2
-0.134222917,-0.571875795,2
0.42684254,0.143140462,2
0.204831907,0.47312807,2
-0.418414687,0.671095563,2
0.508434056,-0.134617071,2
-0.119369471,-0.059221108,2
-0.191555911,-0.054842834,2
-0.024557379,0.911660462,2
-0.814907615,0.711557942,2
0.457207625,0.527721887,2
-0.271069694,-0.181730278,2
0.039770959,0.23605861,2
0.116647726,0.255063201,2
-0.207547909,-0.658812038,2
0.456337017,-1.093075752,2
0.587393107,0.405928952,2
0.22113857,-0.967220906,2
1.598633842,2.598079859,3
1.622889654,1.216236857,3
1.281232234,1.52056774,3
1.513498906,1.042773036,3
1.726251512,1.52834395,3
1.281708228,0.479345218,3
1.825927078,2.062579939,3
1.847667099,1.592352907,3
1.482824122,0.549704195,3
1.51323001,1.241140961,3
1.54515122,1.770567975,3
0.974802425,1.776521555,3
2.323962557,2.207920273,3
1.470379371,0.709618277,3
1.444364789,2.11875955,3
0.967826244,2.166677373,3
1.296383961,1.116229489,3
1.32855642,0.448611883,3
1.428108986,0.333245971,3
1.413706458,1.591816448,3
1.082811207,1.240773154,3
1.897941384,2.549610905,3
1.530153154,1.627089203,3
1.343842714,0.935070126,3
1.015835598,0.482177522,3
0.940048886,0.859629665,3
1.448102441,1.490468723,3
1.449320813,0.846078347,3
1.023220453,1.729795298,3
1.372085596,0.958916813,3
0.835890374,1.271124405,3
1.392772685,0.632582224,3
1.594692791,2.723385814,3
2.192322654,1.306451861,3
1.587785538,1.366411254,3
1.201948864,-0.102405631,3
1.929686843,1.633915474,3
1.737708981,0.31332312,3
0.950682032,0.60630168,3
1.292948956,1.994014066,3
1.948730533,0.726750784,3
1.009319766,-0.102783799,3
2.275879498,2.45292817,3
1.498292974,-0.728609261,3
1.389161099,1.690940997,3
1.964979565,1.915622519,3
0.979429961,0.810926768,3
1.564861587,1.545179828,3
1.360518291,1.589234654,3
1.902839379,1.949257258,3
2.058401074,1.460974425,3
1.081658876,1.100059866,3
1.568877939,1.926970014,3
1.742979924,1.792259899,3
1.301774997,0.486868663,3
0.703876911,0.25134952,3
1.814459936,1.255814213,3
1.756619886,0.917129006,3
1.574462412,0.382761899,3
2.163103601,1.111563272,3
0.925480479,0.264589221,3
1.450619411,1.34247517,3
1.301934389,0.739694193,3
1.691379779,1.931458116,3
2.148414018,3.014144648,3
1.670388944,0.416557134,3
1.343693251,2.095080722,3
2.232671992,1.696560629,3
1.307289304,1.188537696,3
1.741678866,0.774861695,3
1.67041673,2.437964309,3
1.438905835,-0.412792817,3
1.59722261,0.655164861,3
0.516068904,0.266429369,3
1.47999101,2.336871566,3
2.342141118,0.846461947,3
1.353135369,0.8089553,3
2.262372544,3.603540856,3
1.955525154,1.05186519,3
1.33373781,0.879193926,3
1.501281199,1.443006228,3
1.349715161,-0.037131913,3
0.782601317,1.767183174,3
2.401719944,0.909106612,3
1.242378164,1.640974448,3
1.439905673,0.417097318,3
1.046042641,0.47712248,3
1.559766247,0.623259037,3
1.603407409,0.552447168,3
2.434819777,2.033359526,3
1.872122683,2.393462002,3
0.458330658,1.318603683,3
1.030329628,1.019635386,3
0.755400129,1.108796258,3
1.138563583,1.341501583,3
1.049856585,1.384891899,3
1.183565048,1.510032141,3
1.170207902,0.672003005,3
1.584457523,0.492896162,3
1.935030126,2.068604207,3
2.054814924,0.623873355,3
1.557360542,1.432348283,3
1.122046003,1.242997322,3
0.904409181,0.563407266,3
1.568352049,1.663447989,3
1.755253407,1.280198993,3
0.408945949,2.593337869,3
1.220185907,1.361361076,3
0.859176961,1.082263766,3
1.688521126,1.381302849,3
1.300409896,0.285135619,3
1.164970015,0.600850952,3
0.907290718,1.753952018,3
1.566878158,0.913920115,3
1.13911138,1.231673972,3
2.335364487,0.909307063,3
1.589319144,0.651092979,3
1.661860475,-0.476160685,3
1.108195732,1.575534826,3
1.705407899,1.769499025,3
1.425752272,0.171871692,3
1.209328149,2.471430065,3
1.113595815,1.603729728,3
2.110490107,2.144480886,3
1.151444325,0.505641051,3
2.032394589,1.209643919,3
1.676264987,1.077238817,3
0.978645727,1.94663689,3
0.802770513,0.897344915,3
1.044849102,1.299253368,3
1.41065319,-0.222100334,3
2.127961468,0.420801517,3
2.003259791,1.182648144,3
0.982486059,0.749063888,3
1.610866624,1.138475948,3
2.299083319,0.63168998,3
1.683770044,1.649076871,3
1.135557697,2.234136833,3
1.087748922,0.629947079,3
1.779988345,0.884776287,3
2.393124101,2.157374751,3
1.438899308,-0.56976785,3
1.427857429,0.957516285,3
1.511599572,2.872549096,3
2.690953326,2.698718513,3
1.110170999,1.419086552,3
1.34108189,0.536788893,3
1.297118477,1.382144885,3
2.057344421,0.538772008,3
2.036088551,2.252252982,3
1.5368961,0.536915326,3
1.140960915,1.587335629,3
1.192188275,1.775606737,3
1.184716462,0.659789619,3
0.998762265,2.009247666,3
1.574978546,0.575434541,3
1.200464989,1.782083048,3
1.71366142,2.039385367,3
1.593444314,0.375924748,3
1.32358917,2.140664787,3
0.846648533,0.957031629,3
1.194414699,1.510975294,3
1.744842068,1.305970217,3
1.614521289,0.826340872,3
0.985508496,1.538991862,3
1.132538976,0.288382276,3
1.136206347,1.175419475,3
1.788272475,1.801989312,3
0.590085401,-0.349268644,3
1.56062506,-0.02160509,3
1.033569472,0.367320872,3
1.545712312,-0.100168068,3
2.582720277,1.284851314,3
1.868792836,0.307284334,3
1.051567991,-0.450438733,3
1.023423349,0.795185412,3
2.144982304,0.730781476,3
2.166977359,1.737738064,3
0.578472858,0.521965875,3
1.888055547,2.050654924,3
1.365567856,1.554963994,3
1.781131009,1.427644112,3
1.467371401,0.515968884,3
1.818798317,2.709935106,3
1.465715111,1.074805299,3
1.247613496,-0.221129443,3
1.655046154,0.997990777,3
2.394861422,-0.580843235,3
0.67983774,1.141668194,3
0.691546167,1.048257867,3
2.073780996,1.617780776,3
1.751871073,1.959639825,3
0.806107549,0.774649027,3
1.238197076,1.915874684,3
1.236599857,2.417866678,3
1.795814075,0.493918517,3
0.328156669,0.947278102,3
2.081382072,1.590791564,3
1.2250426,1.413432548,3
1.541818425,1.635400378,3
1.919875488,2.240632377,3
1.72531843,1.460886214,3
2.096053484,1.912634306,3
0.949742591,1.835319521,3
1.542083949,1.54190204,3
1.464091413,1.521743224,3
1.648599933,2.212691492,3
1.471510468,0.393498442,3
1.76302208,0.241170962,3
1.503686255,1.67943086,3
2.334073488,0.905986558,3
2.093275735,1.119993936,3
2.074476594,1.665852027,3
2.077589848,1.674868146,3
1.408528736,1.008464329,3
0.78990171,1.114035441,3
2.132752118,1.110344911,3
1.515598607,2.058843263,3
1.209599263,1.614224516,3
2.164472876,2.205872037,3
1.520196528,1.18903574,3
1.367576861,2.144620103,3
1.764646882,1.853987574,3
1.70125839,1.649129806,3
1.449455037,1.548417454,3
1.473750895,0.979101849,3
1.707343831,1.062580448,3
1.598279748,1.362929285,3
0.739246683,1.419257619,3
1.31401419,2.009231381,3
1.854013939,1.027729456,3
1.996099717,1.025783375,3
1.559273651,0.793034089,3
0.931755653,1.221899113,3
1.367889088,1.175391169,3
1.366956769,-0.645942638,3
0.891755098,0.236171743,3
1.541364517,1.131419763,3
1.909953593,0.887973586,3
1.09360708,0.321558934,3
0.51566552,-0.183551038,3
1.258113875,0.96956873,3
1.540084308,1.720779515,3
2.089967913,2.499521551,3
1.260685958,1.225290794,3
2.208515995,2.244302353,3
2.190798704,1.104288176,3
1.538682079,1.284610384,3
1.573074383,1.446310586,3
0.3753162,0.759121218,3
1.987806717,1.04288064,3
1.594963355,1.91469064,3
1.0349041,0.70147171,3
1.012213158,1.054201818,3
1.296140128,0.316831201,3
1.868102136,1.400621899,3
1.603962403,1.520137536,3
0.824743397,1.885471208,3
1.081363311,0.309080935,3
2.355149682,1.085136341,3
0.746868255,0.611788129,3
1.278996128,1.251859836,3
1.757319073,2.228651364,3
1.415945734,0.811285437,3
1.69125761,1.736362303,3
1.259114917,0.64858913,3
1.61913814,0.783600679,3
1.466368431,1.56391526,3
1.757484587,0.588188935,3
1.109214477,-0.089522442,3
1.277116189,2.279165021,3
1.357239311,1.526092703,3
0.971556396,0.851187436,3
1.584108069,-0.437837544,3
1.82272685,2.667254937,3
1.862820207,3.8652742,3
1.974197953,1.256405277,3
1.014145933,2.004222073,3
2.14516045,2.041298405,3
1.305421339,0.676494321,3
1.374218906,0.944734594,3
1.136909569,-0.115660548,3
1.452372805,0.613588556,3
1.429011045,1.721777395,3
1.868749898,0.877064929,3
1.988171193,0.910948594,3
1.747137291,1.050328725,3
1.18530078,-0.23787664,3
1.138269684,1.965040326,3
0.589220132,0.24376539,3
1.331568286,1.070528885,3
1.26445195,0.899757863,3
1.55993133,1.008486557,3
1.745244091,2.326712423,3
1.96851261,0.617119613,3
1.239407841,0.626117261,3
1.443195618,-0.019627492,3
1.217017529,0.613065012,3
1.429837713,0.27032852,3
1.844454797,1.449690095,3
1.432985729,0.515583993,3
1.705138122,1.398271152,3
1.026017035,1.193081906,3
1.1543892,0.118404783,3
1.17977383,0.634101222,3
2.167795891,1.760529159,3
1.05201197,2.038505584,3
1.798733591,2.756787439,3
1.849361174,1.114621976,3
1.102282655,0.080184358,3
1.004787995,0.693415209,3
2.139700626,1.380432035,3
1.153905031,2.823459978,3
1.584555403,1.269299851,3
1.24861782,2.184645601,3
1.609818055,1.797291558,3
1.42394961,0.270171255,3
2.218990367,0.891429725,3
2.186520379,2.097015089,3
1.675850936,1.869345807,3
1.245757686,1.636339587,3
2.355713061,1.385120888,3
0.848622056,0.955046467,3
0.688773141,0.320964178,3
2.202371264,2.085292544,3
1.049269192,0.15404642,3
1.75216018,0.378659125,3
1.665291383,1.671318027,3
0.891399046,0.319534898,3
1.044932806,0.859642793,3
1.632506857,0.209003687,3
1.770649139,1.639710706,3
1.979989342,1.448825313,3
1.437753091,1.557008948,3
2.217560163,1.38962001,3
2.675857198,1.374563278,3
1.015204797,1.833214247,3
0.213522396,-0.093662784,3
1.658997798,1.041717101,3
1.209298915,1.35987761,3
1.634547045,1.756235223,3
0.681915107,0.429605308,3
1.182845956,0.869497628,3
1.221956641,0.394490321,3
2.427227421,1.838949005,3
1.289400682,2.287546779,3
1.786324376,1.771523662,3
1.85190157,0.125077298,3
1.664484801,1.52788136,3
1.760550956,2.071959114,3
1.097512143,1.431280694,3
1.874469992,0.652262263,3
1.530882796,0.311440413,3
0.771013078,0.832268186,3
1.0743334,1.880509475,3
0.946210662,0.980484971,3
0.862137835,1.535264086,3
1.651546968,2.214935057,3
1.842777942,1.588338245,3
1.520653399,2.302410852,3
0.758516974,-0.005610185,3
0.46248727,1.217184657,3
2.315005184,1.060399135,3
1.49328831,1.671047935,3
1.020215575,0.364575229,3
1.668586163,1.814335258,3
2.192541007,1.285927517,3
1.244769679,1.474302158,3
1.910712475,1.515625129,3
1.272114454,1.159384012,3
1.296956835,1.998913965,3
1.092784291,1.822099934,3
2.109534315,0.934229575,3
1.246589574,2.103977111,3
1.862501023,1.351805296,3
2.148228968,1.589594355,3
0.854959146,0.870161686,3
1.318201165,2.52526881,3
1.598433809,1.173526327,3
1.343359368,1.924911845,3
1.833499461,1.040037571,3
1.511001056,0.970513148,3
1.680633043,1.79384632,3
1.327252508,-0.044967301,3
1.286723665,1.638490838,3
0.943013028,1.650823937,3
1.19727758,-0.915509332,3
1.580185193,1.479969769,3
0.437541769,-0.308627435,3
1.754208447,1.675350428,3
2.482063083,0.599863757,3
1.163821159,0.715493921,3
1.861107593,1.109199016,3
2.157276318,2.158923446,3
0.803962989,0.848815112,3
0.600622811,1.865155471,3
1.986915401,1.361868101,3
0.864557858,0.392953937,3
1.222604582,-0.14716956,3
1.080514287,-0.317743756,3
1.100421935,1.74162783,3
1.40635575,1.19391693,3
2.183756207,2.540128681,3
1.796366418,1.595513563,3
1.373700556,1.919252873,3
2.696935438,2.000151876,3
0.961464516,0.920850822,3
2.233131738,1.440821154,3
1.648663366,1.869838446,3
1.826256195,2.234064251,3
1.109819327,1.910919252,3
1.499216604,1.541900962,3
1.300807137,0.542551814,3
1.346998691,1.828079155,3
1.928812516,1.504683513,3
1.695148944,1.668558039,3
1.095517705,1.639228102,3
1.184005481,1.110826134,3
2.007421808,1.017845479,3
1.363941646,1.78984171,3
2.09423862,1.198979959,3
1.593954398,0.504275775,3
0.952383719,1.09384148,3
2.18079676,-0.031044191,3
2.051732397,0.285110367,3
0.94181797,1.214432438,3
1.50681129,-0.260600776,3
0.685268971,0.022259724,3
1.768815191,2.031155443,3
1.220526081,0.798110066,3
0.831608681,-0.14466462,3
1.74571009,1.050419231,3
1.86418924,2.185933438,3
1.789828582,1.668929504,3
0.428988197,1.810966994,3
1.663207201,2.1219556,3
1.166763781,0.65267524,3
1.771675046,1.727931199,3
1.492316797,0.725456377,3
0.936563441,1.333629385,3
2.040298222,2.869255387,3
1.667656615,1.947014291,3
1.485256191,1.826636914,3
1.475382632,0.306521444,3
0.556570201,0.784766946,3
2.498306713,2.81764874,3
0.479509601,0.553808105,3
1.682629193,1.330914241,3
1.107210164,2.016951349,3
2.502013552,1.79007016,3
1.306796582,2.129307413,3
1.112155855,1.159195801,3
1.870664313,0.446354856,3
1.758310908,0.889714582,3
1.257225007,0.525355051,3
1.146220616,1.792315409,3
2.016376805,1.987148623,3
1.977559899,2.81327039,3
0.924126671,1.633008038,3
1.802096462,0.418892883,3
1.298456485,2.078830089,3
1.480716184,1.938667666,3
1.908782903,0.910186033,3
1.490349049,-0.061754872,3
1.317956865,1.860696362,3
1.603100304,2.091841605,3
0.863939211,1.110705045,3
1.793775031,5.32946118,4
1.894032157,4.692659115,4
1.503007481,4.06994386,4
1.347237083,3.947162156,4
0.471072323,3.00339841,4
1.999996658,4.991033942,4
1.486436236,5.037041356,4
1.567268737,3.498046412,4
0.196175735,2.798748778,4
2.043360992,4.030288352,4
2.077604484,5.117063379,4
0.442526898,5.74067851,4
1.078403313,3.443468459,4
1.468400574,3.87981817,4
1.55623302,5.71323258,4
2.734831468,3.597038753,4
0.928459609,2.989721963,4
1.189804228,4.348797683,4
0.401821389,6.377727817,4
1.401109333,3.24783669,4
0.461821057,3.526914349,4
0.940332942,3.896112489,4
0.631318818,4.059077996,4
2.235873785,3.611150141,4
0.472785796,4.478360105,4
0.604795073,3.34391019,4
0.269236858,3.865348528,4
1.13526673,4.675957696,4
1.786110982,4.131910037,4
1.189792675,4.689808756,4
0.622658402,2.609355906,4
0.542447137,3.169766716,4
0.259050505,3.845198069,4
1.141972216,2.425537334,4
0.101606917,4.190549122,4
1.598636373,4.921528665,4
2.794624761,3.868740478,4
0.95528562,2.359603423,4
1.122437757,3.752082699,4
1.924742581,2.699908392,4
1.012793021,3.734664243,4
1.88177625,2.59920797,4
1.628372928,1.957296915,4
0.215027253,4.851778688,4
3.034126649,4.259731151,4
0.89771663,2.835792289,4
1.388940876,2.587940632,4
1.493486592,2.771696802,4
1.017392734,3.463135762,4
1.405286398,5.201405316,4
1.437689936,4.379541747,4
1.977451105,3.042597642,4
0.088561988,4.977791416,4
0.527387574,2.608714962,4
1.902321269,5.677406053,4
1.298351399,3.749517981,4
0.682965468,5.432383825,4
1.456316532,2.983216376,4
1.07162345,3.969569718,4
1.025951514,3.489604362,4
0.06874097,4.340871956,4
1.596472449,3.029665335,4
0.614922877,2.775207633,4
1.475312553,3.050299886,4
1.274864221,5.765888155,4
1.131490929,4.240160911,4
0.902570874,5.02857671,4
1.032333156,3.237738512,4
1.404478123,3.888639614,4
1.108038427,3.907917427,4
0.939903671,3.724326155,4
0.83560207,3.861311408,4
1.948513343,4.295846383,4
1.239692401,3.207589982,4
-0.039427685,4.770283964,4
1.459372845,5.795203211,4
1.067111531,3.939550911,4
0.470247401,4.519887437,4
1.871545536,4.210473331,4
1.934353345,3.963160336,4
0.359908428,4.447906058,4
0.702626121,3.942655773,4
1.798793251,3.130565389,4
0.165404814,3.911089848,4
0.462513443,5.216967449,4
-0.00649887,4.569933207,4
1.865028821,4.395379891,4
0.441164494,3.886156547,4
1.037917143,4.552905906,4
2.309644979,1.970439934,4
1.634673857,3.931305302,4
0.632779332,2.502328159,4
0.614799441,3.594544305,4
2.03259081,2.599708647,4
1.09197931,5.267508154,4
2.278930151,3.31128814,4
0.540088301,3.5113477,4
0.788559755,5.235309407,4
-0.004946622,4.813250245,4
1.265702898,3.657431643,4
0.783927452,1.980166614,4
1.535697837,4.837010191,4
1.721438137,3.626652126,4
0.479750546,3.294086317,4
0.516043385,3.460750335,4
0.890854997,2.880515516,4
0.811181258,2.581111167,4
0.89954838,2.987747351,4
0.841232763,5.083138534,4
0.980249733,2.954699726,4
1.934467766,3.676135266,4
2.365676341,4.524438186,4
1.933672556,4.44565789,4
0.311613217,2.050990302,4
1.808212898,5.461723877,4
0.720455152,4.17794068,4
0.595160233,4.99969592,4
0.983703579,3.062707753,4
0.895209019,3.55176996,4
0.688591203,3.731066078,4
0.098835831,4.652135057,4
1.101235264,2.778910377,4
1.295316048,3.520822087,4
1.494097389,4.625164879,4
0.506658116,5.094204496,4
1.035060061,3.094721338,4
0.411900983,5.412113953,4
1.954573912,3.867391218,4
1.388261236,3.807550425,4
1.258642378,4.673253054,4
0.780390428,4.876163568,4
0.686359987,3.241653503,4
1.236207085,4.864579772,4
0.95659556,3.051036601,4
1.831965521,4.838568411,4
-0.185655782,3.469584465,4
1.263565996,3.213091451,4
1.162094562,5.059018799,4
1.323358789,4.470278062,4
1.728095026,2.782025144,4
0.550444747,4.870229591,4
2.248782273,3.732573641,4
1.301657044,4.568429039,4
1.021043743,4.457145819,4
2.029072089,3.030040058,4
0.424215824,3.885174961,4
1.4049573,3.976552726,4
0.682822558,3.565855301,4
2.249573809,2.005665998,4
1.276191436,3.49233253,4
1.057160463,4.490276566,4
1.95425185,4.966104735,4
0.518473353,5.14515302,4
0.92763832,4.713769666,4
1.159840536,3.798321174,4
0.987230796,3.654248817,4
1.134095961,3.419239363,4
0.676073757,4.938766216,4
0.984805604,3.396529505,4
0.126896759,4.203513688,4
1.363450972,4.928233005,4
0.547033272,4.359090462,4
1.010834117,4.186757338,4
-0.267234316,3.58015456,4
1.082532062,2.834019732,4
1.018828846,3.723262174,4
1.323005246,3.143742167,4
2.419857529,4.139424305,4
2.348382162,4.031524553,4
1.186037151,3.663478662,4
1.041692243,4.579936073,4
1.536561009,5.454622533,4
0.710608746,4.055509543,4
0.238705642,4.541030164,4
0.016517519,2.973899418,4
2.478468941,3.899997173,4
0.587807278,4.030973032,4
0.50128809,4.458411654,4
0.661770691,4.384593476,4
0.386680675,4.17395259,4
1.193222204,4.391491958,4
1.282117282,3.113475106,4
0.455320455,4.190932086,4
1.527930249,2.372411838,4
0.535327126,4.910026353,4
1.607030701,4.684047217,4
1.471364018,3.950480016,4
1.542349046,5.687933002,4
0.541676107,3.451765476,4
1.137876678,5.272351017,4
0.759649285,4.70114012,4
-0.402742079,6.189650212,4
1.728729042,5.269030371,4
0.260611566,4.761465,4
0.70549976,4.58275704,4
1.090250324,4.533985836,4
1.84706975,4.86351079,4
-0.699630135,4.763324151,4
2.148974754,5.200374623,4
1.583633397,3.859608582,4
0.387905938,5.770078066,4
2.082753219,3.974349269,4
0.821592295,2.694205898,4
2.09078743,5.275197295,4
0.813402041,2.577486689,4
-0.276673653,4.0383257,4
0.974576017,3.151610109,4
0.795657546,5.307569021,4
0.640500548,4.665223165,4
1.603370111,3.317293394,4
1.707421895,5.066102684,4
1.436014102,4.21792691,4
0.874410009,4.697800222,4
1.778130581,4.91163748,4
1.147907239,3.492865103,4
0.594294117,4.267385201,4
1.446630462,1.473079748,4
1.135931334,3.648777167,4
0.989485356,4.846335476,4
2.118955123,5.018848475,4
1.204861916,4.59454583,4
1.862060685,4.246856797,4
1.260754258,4.748586772,4
0.779881831,3.072051655,4
0.703469974,3.325560599,4
1.662528293,3.087465486,4
1.861383179,4.351892765,4
-0.02400478,4.062780604,4
2.313340158,4.393917045,4
1.801942056,4.390901574,4
1.305447904,5.161275919,4
1.145991906,5.741978977,4
1.497877307,2.690865335,4
1.955930852,4.434757454,4
1.159395856,3.391907199,4
1.912277138,5.410778254,4
1.41491643,4.699357751,4
0.832755753,5.191611913,4
0.448450935,2.763704344,4
0.403606403,4.082300828,4
0.524445828,5.612844635,4
1.274207467,3.134565242,4
2.210582705,3.004810234,4
2.08780974,3.856600062,4
0.666589347,3.331727398,4
2.546052285,4.833227985,4
0.630926382,3.577868313,4
1.087308401,3.791349326,4
-0.110608394,2.65113457,4
1.106737712,4.353949,4
2.45574481,4.674246074,4
0.578628685,2.716315713,4
0.407850324,5.449584535,4
1.359454703,3.071293167,4
1.286569148,4.455763594,4
0.844524878,4.173655479,4
0.938444096,3.125579767,4
1.109075502,3.4478107,4
1.065054187,4.948999858,4
-0.154238404,3.934105188,4
0.405180453,3.83754732,4
-0.195008893,4.928616831,4
1.355690679,4.380701292,4
1.360368853,3.763780546,4
1.296230768,4.190561243,4
0.643820082,2.66806303,4
-0.027987415,4.260900204,4
0.832665699,6.19067506,4
1.301085884,3.776449261,4
0.905043917,3.441771827,4
1.312393696,5.374859031,4
1.22054096,4.83447985,4
1.7130847,5.418257785,4
1.009824803,4.592403021,4
1.365567583,4.409670707,4
1.742758213,4.688855928,4
1.092644731,3.144108464,4
0.795595016,4.269124301,4
1.199942634,4.440311892,4
1.260138896,5.866601529,4
1.248951477,4.85713209,4
0.475054408,5.63668277,4
0.641430368,4.058683305,4
1.116657585,3.158713814,4
1.67456985,3.185844686,4
1.067154363,2.711007314,4
1.902204444,2.203760181,4
0.406104812,3.622846203,4
0.866095111,3.519150428,4
0.158952484,5.417176209,4
0.409815986,2.373805725,4
0.809594002,4.158957165,4
1.394097871,3.572031902,4
1.174296441,4.657259424,4
1.853287658,4.772936378,4
1.22621397,3.160199743,4
0.364287829,3.830039783,4
0.993813314,3.784046066,4
0.997844509,2.947822719,4
1.374640441,4.117762836,4
0.262153028,3.635333577,4
0.766845851,3.350299036,4
1.637807198,2.982421315,4
0.917550429,4.058176355,4
0.399498498,4.07883273,4
1.264716898,3.35585987,4
1.074558807,5.599920996,4
1.319624713,2.839016248,4
0.286840544,3.810684302,4
1.02490119,3.272722158,4
-0.56304928,4.856030711,4
2.350520043,5.115763316,4
1.129044747,1.538795637,4
0.536788134,3.419776267,4
1.263003925,2.0965733,4
-0.207187352,5.836690924,4
1.10704088,4.139266047,4
1.754142877,4.438840687,4
1.378104188,4.016667036,4
1.242951694,2.443103968,4
1.032685064,2.415359116,4
0.997905702,4.88142066,4
0.158421765,4.362035081,4
1.533881245,3.270142718,4
1.392417966,2.571309833,4
1.106890938,4.692404334,4
1.82925477,3.094208408,4
0.968365908,3.701107744,4
0.921450457,4.788320445,4
1.859458576,3.116390314,4
1.888929844,2.675796506,4
1.143823477,5.932665506,4
1.530017299,3.477240192,4
0.643867246,5.792342983,4
1.456910678,3.533802185,4
1.149724287,4.427162211,4
0.820333903,4.52318376,4
1.587373019,2.82282975,4
0.517446967,3.262861307,4
0.906872521,5.866404077,4
-0.326623793,3.976323911,4
1.300379425,5.060548842,4
2.346757387,2.360486734,4
0.358805078,4.93308721,4
1.093798746,3.697067377,4
0.08464685,3.824007172,4
1.711201294,3.462769974,4
-0.569027698,3.927345282,4
0.204234943,4.191757993,4
1.228432591,2.266748476,4
0.394315531,3.198381327,4
1.149610811,4.451812412,4
-0.156891883,3.878067854,4
1.476832025,4.104269352,4
0.992451161,3.701086611,4
1.752710559,5.218244752,4
1.157335028,4.001980886,4
1.671938858,3.920666339,4
0.000667136,4.690112473,4
1.304228513,6.296230978,4
1.478047814,4.544651833,4
0.388535528,5.159620446,4
2.194988034,3.174279769,4
0.432706386,4.073748025,4
1.549834485,3.506783955,4
0.979157784,4.894698324,4
1.946131614,4.144196263,4
0.70761891,4.641986692,4
0.487869509,6.68177485,4
0.880191043,3.342080795,4
1.520332899,4.553268655,4
0.725658528,2.971085489,4
1.245267032,3.269209295,4
0.984091792,5.106920293,4
1.374999704,3.916771631,4
-0.440290068,4.352993617,4
2.21437927,3.283666028,4
0.700274919,3.869913508,4
-0.109036861,3.012242959,4
1.634766707,4.593445687,4
2.179401679,3.084727176,4
1.871249108,3.680715984,4
1.028896938,3.568652143,4
0.203766171,4.155201187,4
0.670083123,3.597055199,4
0.995503339,2.704866747,4
1.739804651,4.280099149,4
1.576077776,4.762910501,4
1.056961921,5.670498005,4
1.056998537,2.547194837,4
1.19829057,5.425076945,4
2.267517706,2.975908827,4
0.940816923,3.813194523,4
1.247714637,2.788935126,4
2.101832972,5.528558681,4
2.199201243,4.139642526,4
0.995945344,3.957286765,4
1.670127283,4.436839943,4
2.258118562,6.856130888,4
1.161325428,3.343525975,4
0.788602009,4.447833088,4
0.449178556,4.097079934,4
1.727834533,4.170982123,4
1.121978775,5.115034254,4
0.385441125,4.202854316,4
2.041682829,3.921210625,4
0.377678865,4.315623451,4
-0.053087557,3.286253444,4
1.566671828,5.87501507,4
1.185562374,5.859751989,4
3.531994014,3.203474826,4
2.354086592,2.111720754,4
0.276608921,5.951696325,4
2.940802487,4.492345015,4
1.038057195,2.593430575,4
1.781762073,3.189135525,4
1.247496639,2.970462673,4
1.491230178,4.131430796,4
1.220826181,3.724658626,4
1.194258222,5.374795004,4
0.82510472,5.8616425,4
1.28651931,4.909581324,4
0.403780282,3.978775545,4
1.766692867,5.117669117,4
1.131502693,3.252387526,4
2.429207537,3.350301499,4
0.790594089,4.024421099,4
1.006646563,3.814492549,4
0.597947066,3.224680256,4
1.981369524,4.371213748,4
1.443560198,3.375056601,4
1.864763254,5.134238417,4
1.149974779,3.648700533,4
1.620696746,3.639069951,4
1.29059707,3.936096785,4
0.394008017,5.361921841,4
-0.06667971,4.611074872,4
2.321466455,4.364213066,4
1.958557806,5.025078757,4
0.356683468,2.915735056,4
1.051526506,5.146731936,4
1.72576645,4.00875398,4
0.660160995,2.556496124,4
1.835945398,3.411842123,4
1.191480632,3.634349698,4
0.866384488,5.519637824,4
0.599608286,2.002560915,4
0.671697763,3.65308664,4
0.753929058,3.035111167,4
0.841012145,4.269592443,4
0.485683045,4.018188891,4
1.322321469,5.055591864,4
1.790129631,4.991049482,4
0.839389156,4.71267006,4
0.863867691,5.795644723,4
0.474156379,2.918313254,4
1.734519355,3.507466225,4
0.877758782,4.964597393,4
1.383747917,3.416936138,4
0.685761145,2.75075949,4
0.379127266,4.350002521,4
0.564819941,4.814441709,4
1.746056388,3.483333873,4
1.650262417,1.307735597,4
-2.020576322,0.742229564,5
-0.812032201,1.946953757,5
-1.551158419,0.765642426,5
-1.738925982,1.527395894,5
-2.169503628,2.21211467,5
-2.068196516,1.740758168,5
-1.801288652,2.419922402,5
-0.670384367,1.672995406,5
-1.720488867,1.578574245,5
-1.501499311,0.540428819,5
-0.677922058,2.145499234,5
-1.735682054,-0.173637865,5
-1.290550709,0.264730914,5
-0.999918465,1.836214417,5
-1.460003339,0.605377311,5
-2.062046943,1.592773337,5
-1.545233644,0.256073242,5
-1.297795539,1.470972641,5
-2.377210319,-0.285623936,5
-1.497200735,1.815051232,5
-1.326297356,-0.096561505,5
-1.7964558,1.563213163,5
-1.9860674,1.294360382,5
-2.115327623,2.069679298,5
-1.95374302,3.366146382,5
-1.081933158,-0.068711101,5
-0.876837013,1.231158072,5
-1.583784695,0.802127539,5
-1.731994347,0.749904307,5
-1.032616593,0.383383841,5
-2.031168988,1.697960374,5
-1.575585869,1.577453182,5
-1.868161719,1.75971953,5
-1.473653046,2.986463305,5
-1.715479577,-0.13900787,5
-0.895939536,1.79383876,5
-2.520976124,0.923765835,5
-1.334473246,1.107358796,5
-0.645562089,0.994793706,5
-0.927753874,1.365926442,5
-0.659427565,2.41730761,5
-1.234834666,0.744080556,5
-1.536141684,1.120302651,5
-1.252913004,1.826436946,5
-1.501982844,1.795168121,5
-1.175366909,3.004776999,5
-1.961817467,1.028716286,5
-1.380518925,1.273910403,5
-1.297752882,-0.109801821,5
-2.842266741,2.229877379,5
-2.142233107,1.887167212,5
-1.086464438,2.364953995,5
-1.880140488,0.436665924,5
-0.943800146,2.863070505,5
-2.832601903,0.479266117,5
-2.549538874,2.47050804,5
-0.694389234,1.556020216,5
-1.182780248,1.979994292,5
-2.323088362,1.335003738,5
-0.741736504,0.842652232,5
-2.696300081,0.977044373,5
-2.0747218,0.801242738,5
-1.728232471,0.453924596,5
-1.240769925,1.337112977,5
-2.182223992,0.463531222,5
-1.589280358,1.362501188,5
-2.089685982,1.421380088,5
-1.346390166,2.063527987,5
-1.749865796,0.598096857,5
-1.134195985,2.075530827,5
-1.226653901,1.46859628,5
-1.337361769,1.123609484,5
-2.3337793,2.18020105,5
-1.641765368,1.582615096,5
-1.114139014,0.801870973,5
-0.717496991,0.476556823,5
-1.189480185,1.771670451,5
-1.512626531,0.734492323,5
-2.036717417,2.85360943,5
-1.460644262,1.885456925,5
-0.621115021,-0.784464586,5
-0.240135937,0.803672371,5
-1.449990851,0.322949821,5
-1.110688498,0.603326363,5
-1.154634043,0.041090524,5
-1.531440253,1.848059475,5
-0.526969594,1.959165542,5
-1.538025495,1.762752734,5
-2.642229223,2.112263127,5
-2.439379942,1.147343717,5
-1.012584214,2.772363975,5
-1.295166152,0.462480119,5
-0.302138444,1.083708607,5
-1.045162031,0.827439967,5
-2.315247207,0.877254234,5
-1.749149505,0.551130809,5
-1.450077032,1.973916961,5
-1.272705891,1.341685685,5
-1.675235109,2.329635832,5
-0.596386612,0.27950577,5
-1.252002725,0.120059517,5
-0.936841493,0.939330085,5
-0.636199334,0.840559562,5
-0.780996506,0.240344741,5
-2.111648843,1.598650343,5
-1.092101207,2.081787629,5
-1.267765743,2.607160074,5
-0.410699443,2.104673236,5
-1.861636458,1.691678745,5
-1.79953869,2.46916198,5
-1.225982481,1.124569522,5
-1.989139899,1.396092298,5
-1.567022529,1.637077942,5
-2.257991809,3.294915511,5
-1.368880767,1.806844829,5
-1.021712403,0.826366981,5
-2.155553155,1.653529721,5
-1.702479856,0.350540185,5
-1.749618563,0.366416195,5
-1.949692052,2.352004467,5
-1.208229687,0.443748213,5
-0.749341834,0.207976765,5
-2.420466869,0.771710813,5
-1.455317312,0.857560053,5
-1.38522484,1.700885598,5
-2.358987051,0.987594761,5
-2.880098948,3.387286008,5
-1.419770661,2.584375298,5
-1.108784912,-0.251278014,5
-1.416080024,1.698948161,5
-1.909096199,0.943920544,5
-1.491387506,2.079858019,5
-1.440908366,0.525800355,5
-1.419584424,0.964501516,5
-1.511297861,1.459029385,5
-1.080561119,1.857057752,5
-1.250289148,0.012585882,5
-1.656902864,1.019794275,5
-1.120592692,-0.293576268,5
-1.415852316,1.892423509,5
-1.659137962,0.780920581,5
-1.832038486,2.528235119,5
-2.157146727,2.277850712,5
-0.82337288,0.876490124,5
-2.565133308,1.456371091,5
-1.194448289,2.494943178,5
-1.339006342,1.842314918,5
-1.667113081,0.390131715,5
-1.313495921,-0.281767813,5
-0.787376727,1.78254178,5
-1.036620608,0.881026452,5
-2.140353807,2.448742554,5
-2.439421962,0.460985767,5
-2.503568928,1.731610345,5
-2.682872097,1.939133154,5
-2.239744234,1.921219208,5
-1.4186859,-0.056229427,5
-1.069809779,0.214068758,5
-1.748360793,0.910647549,5
-1.38967191,2.336985169,5
-0.717853066,2.670485033,5
-2.483383192,2.791681341,5
-1.054262607,0.692949703,5
-1.744228386,0.771421702,5
-0.612447896,1.588186037,5
0.030528352,2.851046956,5
-1.067966106,-0.170715181,5
-0.520539897,0.562425275,5
-1.652907793,2.892650453,5
-1.826961669,2.008032109,5
-0.808282834,-0.303274531,5
-1.725193958,2.284773123,5
-1.20449072,1.807050413,5
-0.801969487,0.953848811,5
-1.377675792,1.423905452,5
-2.142545281,1.804117559,5
-1.005273248,1.824941004,5
-2.103258573,1.953030657,5
-1.522360988,2.738066744,5
-0.898185732,1.883039946,5
-1.535502043,0.097497257,5
-1.885656064,1.362781404,5
-1.632555481,-0.707773772,5
-1.755858591,1.127501137,5
-1.321857651,0.743644798,5
-2.097377873,0.450073463,5
-1.155968186,0.943451927,5
-2.208406369,4.595840233,5
-1.135614982,0.612250918,5
-1.703304452,0.555163079,5
-1.233585789,1.129815647,5
-1.758452843,1.003361467,5
-1.42997109,4.386399928,5
-1.096235201,1.472528902,5
-1.620839567,1.240509014,5
-1.507680314,0.988834275,5
-1.362317676,2.41648472,5
-2.17057301,1.056387272,5
-2.010945758,1.690193639,5
-1.56538104,1.479724528,5
-1.345842144,0.071656048,5
-1.204568763,0.760671742,5
-2.123085851,1.253913558,5
-1.924755588,2.351284126,5
-0.537213708,1.899712734,5
-1.541776661,1.504285079,5
-1.317270344,0.739397948,5
-1.16051886,2.289570916,5
-1.496193806,2.228621723,5
-2.315112184,0.926316377,5
-2.94821615,1.733245236,5
-2.010322312,1.068353921,5
-1.314141842,1.629843811,5
-2.169165617,1.96362771,5
-1.968631514,1.781494394,5
-2.252271734,0.564819258,5
-1.241492049,1.791584311,5
-1.851194212,0.858118662,5
-2.802887923,0.925881924,5
-0.248296707,0.907006413,5
-1.944454886,1.274049063,5
-2.346941701,1.962566832,5
-1.68903299,1.082273813,5
-1.934663453,1.927320026,5
-1.093869026,1.40599885,5
-1.232924305,1.951651189,5
-0.671722268,0.237110656,5
-0.759056643,2.19540813,5
-1.594122808,0.808265049,5
-1.47107805,1.023930664,5
-1.535590698,1.618238305,5
-1.676431624,1.787969354,5
-1.191474983,1.039984566,5
-2.20399241,0.331917802,5
-1.547254158,0.78241843,5
-1.241815023,0.353765499,5
-1.177301453,2.457893114,5
-1.072027733,1.833923126,5
-1.114064563,1.480452393,5
-1.538020524,0.485865445,5
-2.136850825,2.001053676,5
-1.247551803,1.625654599,5
-0.732559894,0.072697456,5
-1.050466073,1.167288328,5
-0.882981684,1.267015768,5
-1.492712163,1.118269566,5
-2.132388748,1.276980714,5
-0.243061791,2.039624529,5
-1.693233329,2.399403978,5
-2.148604268,1.147615612,5
-0.973419756,0.973617101,5
-1.212730133,0.429902916,5
-1.97213089,1.581911481,5
-1.603446049,1.001900956,5
-1.788492174,1.866365758,5
-0.159794437,0.955620769,5
-1.23199282,1.205384059,5
-1.157709491,0.381407067,5
-2.150978789,1.731005418,5
-1.623115525,1.192274157,5
-2.434113523,3.622600128,5
-1.851762273,0.934454829,5
-0.599507271,0.902206411,5
-2.160872285,2.959739478,5
-2.136706281,2.935231442,5
-1.139870884,2.825937857,5
-0.494529646,1.917000662,5
-1.768738243,1.979643931,5
-1.914980789,2.112152646,5
-1.366347451,2.416797311,5
-1.894208577,0.725298203,5
-0.645472866,0.910422302,5
-2.70360005,2.066524231,5
-1.585542858,0.354300961,5
-2.338494667,1.541963545,5
-1.774104759,0.693302218,5
-2.076764926,3.053620385,5
-1.891335182,2.159460785,5
-2.261094483,1.681538877,5
-2.108874835,1.427747648,5
-1.470706384,0.69944201,5
-2.456262896,0.756309199,5
-0.980303332,1.608576559,5
-0.876651891,1.741855011,5
-2.82196085,1.373201024,5
-0.585645489,-0.657742327,5
-2.383396462,1.500729098,5
-2.034783109,1.785542192,5
-1.495818849,2.364574761,5
-1.81306596,2.693455817,5
-1.465501283,2.174741284,5
-1.748771369,2.228086873,5
-1.163772716,1.110437519,5
-0.843515889,1.077134158,5
-1.682834352,0.600805757,5
-1.668923909,2.788191731,5
-1.004968194,-0.27111856,5
-1.371646516,1.654692532,5
-1.685230766,1.391218382,5
-1.085400401,1.885843412,5
-1.833931564,2.056052443,5
-0.968559689,0.335704051,5
-1.540129085,2.088974768,5
-1.325959103,1.792351026,5
-1.517395744,1.339473702,5
-1.636913336,0.972673405,5
-1.135110011,1.828454992,5
-1.060437211,0.844547267,5
-1.512118324,1.746620517,5
-0.684336775,1.600188137,5
-1.114759012,0.043294916,5
-2.684128789,2.635658954,5
-1.72350034,3.175132396,5
-1.687877163,2.285565931,5
-0.856027918,1.190677246,5
-1.214518568,0.952548872,5
-1.977754026,2.23970865,5
-2.085957341,2.083641471,5
-1.795589188,2.288769509,5
-1.327903314,1.206856412,5
-1.123031462,2.494586053,5
-1.841868145,2.878698498,5
-1.691030539,1.500718628,5
-1.342552276,1.599434593,5
-1.991536859,1.314946898,5
-1.387507541,0.39624103,5
-0.785740631,0.55623074,5
-1.199036234,0.960491697,5
-1.267306168,1.859758744,5
-0.902842816,1.770657504,5
-1.158487509,2.545536613,5
-1.146198887,0.704902866,5
-1.098349652,1.399320208,5
-1.483553275,0.990022199,5
-0.561970526,1.795810258,5
-0.924033026,2.084322447,5
-2.532522746,2.635083933,5
-1.641812242,2.820421065,5
-1.994307495,2.902860536,5
-2.030863801,1.81884815,5
-1.815618353,2.901693632,5
-1.912871468,0.335969356,5
-1.947231796,1.4239392,5
-2.829849376,2.353196598,5
-1.902359569,1.048170402,5
-2.580750047,1.560941396,5
-1.665441197,2.027324153,5
-0.866124646,1.364924085,5
-2.294305348,2.306708995,5
-1.449697802,1.88708134,5
-1.592437769,0.687977933,5
-2.622421573,2.165133138,5
-1.667994377,0.282910315,5
-0.917559658,2.361543414,5
-2.115691201,0.553532258,5
-1.996227388,1.815208121,5
-1.533814969,1.778386744,5
-1.386214007,2.453892667,5
-1.562262738,1.750155652,5
-1.003421429,2.258895534,5
-0.214732027,1.080906362,5
-1.082781549,1.418528188,5
-1.688782723,2.28004421,5
-0.707996691,0.85212903,5
-0.156547765,0.825546783,5
-1.769156254,1.195547552,5
-1.076874484,1.393586913,5
-1.524035827,1.396317624,5
-0.720605385,3.609924574,5
-1.613609269,0.059153614,5
-0.851787669,0.750698272,5
-1.954962933,0.572912117,5
-1.816500382,2.589691586,5
-1.852977181,2.409368499,5
-1.469660834,0.591286731,5
-1.23684371,0.52857186,5
-1.768205213,1.047489789,5
-2.089498913,-0.482002721,5
-1.754792148,1.770375708,5
-1.418944222,1.351254678,5
-1.055899083,0.004214154,5
-0.84300668,1.347150514,5
-1.580920635,1.341498708,5
-0.942438459,2.262765188,5
-0.930131955,1.486754605,5
-2.08436356,0.638955177,5
-0.589422773,1.054491406,5
-2.854647058,2.261808059,5
-1.799785366,1.064201665,5
-2.461385645,1.433777095,5
-1.810975993,1.681450893,5
-1.490600532,1.790347633,5
-2.071004965,-0.047382241,5
-1.644660857,1.966485488,5
-1.51679721,2.434069435,5
-1.604904002,3.171620584,5
-0.963335514,0.375159296,5
-1.506438898,0.399734236,5
-1.788128376,1.717244516,5
-1.433965475,0.972867504,5
-1.971011765,2.420638977,6
-0.765149853,2.939979614,6
-1.960697831,2.023480027,6
-1.038742127,2.874081448,6
-0.644725682,5.602037664,6
-1.789878472,5.420689941,6
-1.357221871,3.351879703,6
-1.305655741,5.125456035,6
-2.076509033,3.953295888,6
-1.733360951,3.88026672,6
-1.162640749,4.936009847,6
-0.797473636,3.833701095,6
-1.335916168,5.093280521,6
-1.071485052,4.241811114,6
-1.835617731,3.167047394,6
-0.656662361,4.302717439,6
-0.931460722,3.930439189,6
-2.88920044,3.692176803,6
-2.041450946,3.887079782,6
-0.722890835,3.951449323,6
-0.969554564,4.533256692,6
-1.233537988,4.057609506,6
-0.877543035,4.146444566,6
-1.888124331,2.909011268,6
-1.451619297,3.845836034,6
-2.16826295,3.98960129,6
-1.273452088,3.672564667,6
-1.817330863,3.68759943,6
-1.48468097,4.027642233,6
-0.53527498,3.926335168,6
-0.501260167,4.349579634,6
-1.216031572,5.289185957,6
-0.36099771,3.709287207,6
-0.819282336,3.71289201,6
-1.480363499,5.921048481,6
-1.70757295,3.671599725,6
-1.101574932,3.480459068,6
-1.282221515,4.459430032,6
-0.678307195,3.813993221,6
-1.199529073,4.423613523,6
-1.718009376,4.73870277,6
-1.738465011,6.564366721,6
-0.510263816,5.030453327,6
-1.025237917,4.822779158,6
-1.192222798,4.265908944,6
-1.420622515,3.653248698,6
-0.612310585,3.977261829,6
-1.478405118,3.088015717,6
-1.506383859,4.753143939,6
-2.107671713,4.649233888,6
-0.566277518,5.086079663,6
-1.693658585,3.136560432,6
-1.152465946,3.749670996,6
-0.466655422,3.039467782,6
-2.381935964,3.917260929,6
-0.734269683,4.135215929,6
-0.854267601,4.704494625,6
-1.108754,4.251184264,6
-1.517312199,3.462749269,6
-1.377418364,3.927122146,6
-0.565128042,3.060510386,6
-0.86797845,4.324327038,6
-1.593760853,4.543516495,6
-0.920648353,2.833469885,6
-1.349048241,4.694625736,6
-1.273264315,4.8402681,6
-1.747032236,4.631998205,6
-1.558507033,4.817293388,6
-1.576082393,3.177480446,6
-1.932527006,3.257628524,6
-1.359960698,5.201181609,6
-0.790624271,4.606153913,6
-1.142074372,3.709062161,6
-0.878743675,4.497828106,6
-0.732491847,5.577368505,6
-1.934732485,4.232456134,6
-1.878547629,3.693343621,6
-1.543847925,3.500000339,6
-1.404961814,2.972009062,6
-1.275639686,4.182710272,6
-0.977371799,4.428099906,6
-1.54876899,4.179765563,6
-0.534114539,4.242074879,6
-0.683503571,3.80258409,6
-1.617366068,4.455741119,6
-0.923653258,3.216224318,6
-1.73605202,3.843173292,6
-1.35462254,3.969922878,6
-1.305821054,5.19277409,6
-1.365842327,2.149803247,6
-0.838236336,6.003767162,6
-2.278732553,3.465429559,6
-0.994597373,4.942796422,6
-2.651392216,3.894704618,6
-1.459258051,3.757330214,6
-1.334176785,3.88610153,6
-1.826004231,1.854477978,6
-1.441207892,6.607514645,6
-0.415529857,4.144909128,6
-1.172222283,4.591479937,6
-1.457552251,3.479663143,6
-0.6679688,3.286011109,6
-0.57435537,5.14863768,6
-0.921554415,4.674838236,6
-1.491941714,5.027171512,6
-1.069626069,3.692864147,6
-0.924796078,2.759081637,6
-0.54691856,3.377686829,6
-0.193743321,5.390272943,6
-1.824868072,2.636708637,6
-1.574289701,5.622176518,6
-0.647072673,3.493106593,6
-0.872604752,2.544624203,6
-1.440053651,2.988545802,6
-2.3696509,4.421297046,6
-2.276857859,3.838284582,6
-1.336351414,1.667500962,6
-0.934260979,3.631916821,6
-2.160514143,5.50153069,6
-2.135862043,3.773927111,6
-0.272534601,5.295788183,6
-0.725407478,3.32695706,6
-1.628116877,4.699724839,6
-1.243281598,3.681023186,6
0.169416128,4.672908619,6
-1.528721031,2.355721295,6
-2.146958304,4.267457441,6
-1.193484885,5.21276095,6
-1.856850457,3.293788302,6
-0.689653367,5.43349036,6
-1.280736278,3.633319403,6
-1.862365597,3.548986977,6
-1.318899777,3.001644366,6
-1.214735474,4.504229686,6
-1.496750315,3.021847296,6
-0.878623528,2.684401985,6
-0.878331936,3.729914685,6
-1.217369321,2.420527773,6
-0.848998659,3.155465752,6
-1.745178173,5.80197459,6
-0.821288772,3.99508244,6
-1.161514948,4.758901904,6
-2.175211028,2.624353321,6
-1.259284198,2.034008175,6
-0.822939695,4.817884202,6
-1.408363773,4.099091467,6
-1.172524504,5.449408223,6
-1.316015986,4.942433071,6
-0.987583241,1.965762874,6
-0.824261224,5.037391058,6
-1.71517117,3.123145583,6
0.12005349,3.780531546,6
-1.935811822,4.29779714,6
-1.511263484,3.405523189,6
-0.550085687,3.234220556,6
-0.271761125,3.908777124,6
-0.770721778,4.190851597,6
-2.024189368,2.631661135,6
-1.345566666,5.602187611,6
-1.039310925,5.18856569,6
-1.453032115,3.717016336,6
-2.12884189,2.556264974,6
-1.147924734,4.908887378,6
-1.013592604,5.790951957,6
-1.211846036,2.983740168,6
-1.175293633,4.134054964,6
-0.363103432,2.594066008,6
-1.261118847,3.545451759,6
-2.486401945,4.684104031,6
-1.355752094,2.698616171,6
-1.751595469,3.056011552,6
-1.132942853,3.665220333,6
-2.15613421,3.59559263,6
-1.67717657,4.053514828,6
-1.267225798,3.891415844,6
-1.284578535,2.22815892,6
-1.167132672,2.83305052,6
-0.852350992,4.088078326,6
-1.55369361,4.447092372,6
-1.300732218,5.306840983,6
-1.835411557,4.582220291,6
-0.992087149,3.947592093,6
-0.425346065,4.459632238,6
-0.337042033,2.914366758,6
-0.194257625,1.83026323,6
-1.730207646,3.82256225,6
-1.320252939,3.736987729,6
-1.749235194,3.303978307,6
-1.97752111,2.043427449,6
-1.08606329,2.74736095,6
-2.050477311,5.419685072,6
-2.51511118,3.114687351,6
-1.387198956,3.988480014,6
-1.202058454,3.682888022,6
-1.478660455,5.538189476,6
-1.773229978,4.176750395,6
-1.840670266,5.881244146,6
-1.601141722,4.972009235,6
-1.369856415,2.611688286,6
-1.483542703,4.115821172,6
-1.043162859,4.387589679,6
-0.856427897,3.38668647,6
-0.535428424,3.576482107,6
-0.527894603,3.94845838,6
-1.255906394,2.257504245,6
-1.780811139,2.118388339,6
-1.898640472,3.411236428,6
-1.331949137,4.396532714,6
-1.070512569,4.99497894,6
-0.544585153,1.738510443,6
-1.185986699,3.793670709,6
-0.908059187,3.13834017,6
-0.636919846,3.398284081,6
-0.621117468,4.826190186,6
-0.895389349,5.77606745,6
-1.134358987,3.685912974,6
-1.919385609,4.105106,6
-2.649964597,2.556140564,6
-1.317155829,6.484799338,6
-1.241721859,3.965892475,6
-2.193272153,4.729197555,6
-1.570303075,4.442757489,6
-1.542775143,2.888627524,6
-1.942747964,4.211366411,6
-0.561649212,2.740066945,6
-1.506521269,4.110143519,6
-1.271442352,4.275984429,6
-1.883194944,3.183101824,6
-0.977223638,2.728403675,6
-0.990573803,4.023968283,6
-1.858831968,4.145686285,6
-1.479686809,4.113858198,6
-0.708258979,5.682873023,6
-0.898794037,3.404472619,6
-0.934159212,3.456575998,6
-1.561417921,3.133356215,6
-1.469513912,6.479200687,6
-0.671493979,3.287127047,6
-1.517555821,5.223801356,6
-1.623042277,2.932054713,6
-1.300680333,5.26387844,6
-1.380234156,4.30747013,6
-1.030442681,3.2353902,6
-0.15601688,4.164244642,6
-0.841176916,4.97664236,6
-0.436840975,4.755503623,6
-1.3159401,4.203623257,6
-0.389603575,3.533164564,6
-1.573511636,2.539180088,6
-2.65073682,3.250754431,6
-2.034240384,3.07391282,6
-1.783816116,4.598690878,6
-1.224705434,3.606850071,6
-0.895773743,4.404526143,6
-0.461578711,4.611379956,6
-1.553875916,4.823861738,6
-1.555249961,5.682106512,6
-1.789756916,3.685737113,6
-0.977998841,3.679829377,6
-1.161535081,3.36535679,6
-0.378008274,5.099762117,6
-1.325328929,3.620393476,6
-0.803806576,3.899708068,6
-0.604079176,3.384986972,6
-0.696098856,3.70893318,6
-1.206646649,4.262369539,6
-1.501240469,3.173684356,6
0.142644422,-4.076621195,7
-0.318537032,-3.792731994,7
0.144232455,-3.525636119,7
-0.243127055,-2.937965289,7
0.4757509,-2.790068926,7
0.122594537,-3.357123546,7
-0.097048048,-3.329347038,7
0.160722179,-3.608961304,7
-0.050459868,-3.478510008,7
0.299967636,-4.128132005,7
-0.167412273,-3.370337695,7
0.03624885,-3.739506843,7
0.021041107,-3.350327103,7
0.87152408,-3.654727559,7
0.301273748,-3.795883552,7
0.666189087,-3.597989587,7
0.718098946,-3.664084864,7
0.220871237,-3.010489744,7
0.071911216,-3.406439301,7
-0.126829877,-3.306583954,7
-0.488027493,-4.054926594,7
-0.198741855,-2.830600981,7
-0.452611616,-3.428727372,7
0.235373116,-3.882940685,7
0.137670311,-3.361790139,7
-0.485302279,-3.110730068,7
-0.000539869,-4.118799228,7
0.751428281,-2.744161185,7
0.378591137,-3.57067348,7
-0.450608868,-2.998597184,7
0.273130005,-3.467683756,7
-0.14912075,-3.648664016,7
-0.006360583,-4.320601192,7
0.22197787,-3.992011974,7
0.156876444,-3.518487944,7
-0.175182755,-3.129773087,7
-0.093726502,-4.341512276,7
-0.552161273,-2.884884035,7
0.089362124,-2.874352444,7
0.412871188,-4.011306574,7
-0.074194123,-3.288780767,7
-0.315435202,-3.962257509,7
-1.020526647,-3.555991133,7
0.207365347,-3.084689398,7
0.145949754,-3.111666704,7
-0.394662962,-3.879762428,7
-0.573008575,-3.672909079,7
0.294571481,-3.93655362,7
-0.297204943,-3.348151459,7
0.252746124,-4.19723961,7
0.430299204,-4.675870084,7
-0.27877547,-2.842679965,7
-0.047627252,-2.483272004,7
-0.174114062,-3.703497186,7
0.259609056,-3.15962462,7
-0.802738546,-3.503355347,7
-0.297525843,-2.840666825,7
0.167437855,-3.252179299,7
-0.314278876,-3.408918706,7
0.543147344,-4.304598281,7
0.06160373,-3.015687496,7
-0.627600732,-3.656906507,7
0.084451508,-4.127659847,7
-0.407183673,-3.590246212,7
0.099246536,-3.556696917,7
1.027708649,-3.026308286,7
0.393643017,-4.022075377,7
-0.099610428,-3.749385812,7
-0.646918039,-2.834492536,7
0.265377498,-2.892386196,7
-0.123421566,-2.979794641,7
0.431480303,-2.756943902,7
0.45457305,-3.408754572,7
0.347626571,-3.760226296,7
-0.61226317,-3.251705195,7
-0.420519456,-3.026524624,7
-0.26549513,-2.420590386,7
-0.498850019,-4.378766814,7
0.189808629,-3.377805279,7
-0.339693133,-3.20716696,7
-0.093749063,-3.524417261,7
0.469172197,-4.196679289,7
0.371662325,-3.16839072,7
-0.022384352,-3.848417736,7
-0.091960559,-3.27377186,7
0.143715854,-3.094130538,7
0.445644432,-2.925796969,7
0.935075303,-4.19669787,7
-0.190171088,-3.016230339,7
0.132049523,-3.838532354,7
-0.245592213,-4.076467034,7
0.691343836,-2.912217929,7
0.56050887,-2.987376956,7
0.049789128,-3.608486535,7
0.631829421,-3.16032307,7
0.886803921,-3.884749368,7
-0.35043452,-3.567543376,7
-0.402881017,-3.541914304,7
0.460613744,-3.625550769,7
0.121667709,-3.171701065,7
0.5071281,-2.812486225,7
-0.141510419,-3.703827016,7
0.01327254,-3.514605304,7
0.388834534,-2.768019861,7
0.346240612,-3.647152043,7
0.474977149,-4.664561273,7
-0.195152503,-3.270139463,7
-0.25536292,-3.896440547,7
-0.168364691,-3.946559951,7
0.376951732,-2.864591404,7
0.798799342,-2.40522201,7
-0.237414814,-3.965004889,7
0.079183168,-3.038911521,7
0.017616794,-3.542104193,7
-0.461581667,-3.436581776,7
0.399592429,-2.95339913,7
-0.511619207,-3.40444185,7
0.184784854,-3.880742161,7
0.31894729,-3.710373244,7
0.092012473,-3.193150985,7
-0.174422125,-4.544667405,7
0.092669654,-3.010191822,7
0.402719072,-4.20085083,7
0.125946206,-3.490192131,7
1.136786147,-3.585131123,7
0.227413338,-2.921721746,7
-0.203914292,-3.415544019,7
0.075695272,-3.454411433,7
-0.307829516,-3.187784175,7
-0.217337952,-3.869852153,7
-0.288742003,-3.587608632,7
-0.293392219,-2.97336824,7
0.777516953,-3.194341305,7
-0.001860265,-4.070419468,7
-0.728988274,-3.214697239,7
0.214879526,-4.116076809,7
-0.202499408,-3.767572726,7
-0.064127626,-2.958459941,7
-0.24910344,-4.506698007,7
0.121655567,-4.295599333,7
0.289928259,-2.918008448,7
-0.032181868,-3.864386411,7
-0.092937618,-2.943797312,7
0.08288312,-3.575243777,7
-0.014060693,-3.308692901,7
-0.183962177,-3.136290624,7
0.347119988,-3.791230802,7
-0.509679343,-3.636217202,7
-0.984209914,-3.685637098,7
-0.660626306,-2.240608826,7
0.203221841,-3.443585316,7
0.81521997,-3.288557223,7
-0.024238063,-3.652389616,7
-0.393670152,-3.608132063,7
-0.347979894,-2.883402167,7
0.549959477,-3.651553384,7
0.497815148,-3.490994772,7
-0.059812419,-3.331417395,7
-0.27999209,-3.693072728,7
-0.390386908,-2.623879875,7
-0.365101592,-4.138826559,7
0.4328918,-2.600522435,7
0.587014827,-3.657236673,7
0.900026206,-2.893077643,7
-0.225812767,-4.394059318,7
-0.370342751,-3.072427748,7
-0.150196994,-3.108048023,7
0.473654852,-4.068505513,7
-0.701104244,-3.843604884,7
0.165534603,-3.413453058,7
-0.795610142,-2.988461245,7
-0.246594473,-3.842565303,7
-0.532323103,-3.600232194,7
-0.14784981,-2.797272287,7
0.028913355,-4.004165013,7
0.452825262,-3.076133646,7
0.249775139,-3.299304765,7
0.021067265,-3.994535291,7
-0.126147358,-3.798679579,7
0.014856083,-3.149707648,7
0.079591493,-3.388661957,7
-0.082057218,-2.862676675,7
0.234506307,-3.769125969,7
0.239678517,-4.266742207,7
0.651010934,-3.031397553,7
-0.378464107,-3.772183862,7
-0.020988793,-3.44618208,7
0.037397894,-2.73122113,7
0.331348878,-3.611988569,7
0.110807841,-2.807017791,7
0.486024068,-3.990655768,7
0.469260042,-3.086098792,7
0.858181321,-3.389628037,7
-0.439029038,-3.829494249,7
-0.05633285,-4.0724374,7
0.499437578,-3.465723912,7
-0.520461191,-3.385886849,7
-0.279325892,-3.375922011,7
-0.332003446,-3.259910688,7
0.100967667,-3.705935406,7
0.189114111,-3.72879614,7
0.043850591,-3.394038159,7
-0.180983163,-3.742206041,7
-0.357732687,-2.95474482,7
-0.710832213,-3.422124069,7
0.227663206,-3.775156356,7
0.454174362,-4.308067099,7
-0.045105366,-3.787862942,7
-1.351526079,-2.584992553,7
0.191682833,-3.750780579,7
-0.512364217,-3.873870255,7
0.108716824,-3.207993,7
0.214011042,-3.302647715,7
0.317708196,-3.163861267,7
0.094471469,-3.624314237,7
-0.734228336,-2.997933771,7
-0.134989957,-4.024406624,7
-0.217940209,-3.521858355,7
-0.375094049,-3.814901132,7
-0.926510971,-3.195555482,7
-0.346867291,-3.441859209,7
0.638223599,-3.003723459,7
0.46220032,-2.579410425,7
0.710825936,-3.437096934,7
1.273908843,-3.739087835,7
-0.577233761,-3.868287876,7
0.220800029,-3.617632373,7
-0.176636257,-3.531126887,7
-0.528435569,-2.609239104,7
0.22889854,-4.004953138,7
0.060359367,-3.9889017,7
-0.156639325,-3.68244825,7
-0.101016259,-3.23723542,7
0.346284307,-3.132787613,7
-0.326830677,-3.906040741,7
-0.244015626,-3.443186608,7
0.128998447,-3.519182323,7
0.546665362,-2.965487417,7
-0.283235394,-3.012898424,7
-0.638406198,-3.639656172,7
-0.617386192,-3.479430962,7
-0.390254042,-3.208093573,7
0.216064571,-4.239464387,7
0.237625566,-3.638757394,7
0.262820613,-3.242909031,7
0.184116884,-3.733996533,7
-0.317157452,-3.526796234,7
-0.114664114,-3.509394855,7
0.830189692,-3.823627556,7
0.832080084,-3.944744903,7
0.010211717,-3.589383345,7
-0.067054646,-3.65519556,7
1.031933897,-3.126981347,7
0.365126299,-2.815815875,7
-0.012325722,-3.50533185,7
-0.653730535,-3.321708465,7
0.900182261,-3.531490686,7
0.56145175,-3.231063702,7
0.483127909,-3.402285859,7
-0.078439511,-3.394191275,7
-0.147955798,-3.002289224,7
0.143416584,-3.941588162,7
0.72105531,-2.852495529,7
0.281991613,-3.343872183,7
0.250656953,-3.419133938,7
0.090597105,-3.750547773,7
-0.725776317,-3.573288287,7
0.302660982,-3.332883075,7
-0.034106479,-4.422921073,7
0.315463729,-3.769008794,7
0.554646756,-3.237936584,7
-0.284404546,-3.631696258,7
0.469855429,-3.858006802,7
-1.223222736,-3.784291237,7
-0.041395404,-3.394569828,7
-0.026946218,-4.231119269,7
0.029759923,-3.110374439,7
-0.824503351,-4.469977074,7
-0.29691723,-3.725100278,7
0.112246428,-3.852038707,7
0.521535936,-4.058390989,7
0.464533177,-3.982054817,7
0.35105789,-3.388162008,7
-0.543341456,-3.553564575,7
0.08451513,-3.634545387,7
0.338629519,-4.537877112,7
-0.354219767,-4.092254227,7
-0.601582793,-3.558722326,7
0.310603922,-3.892669258,7
0.198979883,-3.856325898,7
-0.154415783,-3.030631124,7
0.002166498,-3.421474503,7
-0.181732611,-3.966821506,7
-0.766612886,-3.70960723,7
0.027005688,-3.62741271,7
0.12553387,-3.804237254,7
-0.217083946,-3.931137881,7
0.022067545,-3.52316749,7
-0.28074507,-3.168527645,7
0.100162944,-3.3985487,7
-0.198349388,-3.589508465,7
0.699326104,-3.326561514,7
-0.006217905,-3.144948913,7
0.230858808,-3.562839752,7
0.532426826,-3.296157718,7
0.184730166,-4.012315779,7
-0.166361197,-3.611647182,7
-0.041297029,-3.687963103,7
-0.310135367,-3.412496174,7
-0.420782934,-3.340201855,7
-0.370500377,-3.555283641,7
0.145115971,-3.842661417,7
0.593969509,-3.915780838,7
0.12536961,-3.375441796,7
-0.523085813,-2.893204113,7
0.054325882,-3.85201774,7
0.732219086,-3.672087198,7
-0.219753258,-3.352115158,7
-0.126033427,-3.748033806,7
0.179155267,-3.445631208,7
-0.077529621,-3.521285631,7
-0.612408783,-3.847150265,7
-0.581018156,-3.128168169,7
0.204062174,-3.121519629,7
-0.004769471,-3.041990889,7
0.650288435,-2.932934688,7
0.325461182,-3.726451876,7
-0.898112409,-3.707722619,7
-0.669930298,-3.383179759,7
0.10252583,-3.218219221,7
0.309679827,-3.651885434,7
0.611172518,-3.689325554,7
-0.950799294,-3.776499433,7
-0.051263971,-2.837139163,7
0.265622027,-4.621686092,7
-0.48212637,-3.574943175,7
0.491749734,-3.482910682,7
-0.324929387,-3.97387182,7
-0.644376789,-3.3276323,7
0.093990953,-4.379708356,7
-0.649032569,-3.072924942,7
-0.286910522,-4.243877468,7
0.303571996,-4.485092986,7
-0.256840464,-3.841476124,7
0.315068474,-3.427515444,7
0.23880493,-3.791389694,7
-0.346315324,-3.750120748,7
0.212704354,-3.350986205,7
0.010924256,-3.973554888,7
-0.455714275,-3.538393084,7
0.539151943,-3.277317596,7
-0.713437106,-2.769257611,7
-0.913190243,-3.2855826,7
-0.274804369,-2.733134677,7
-0.188693357,-3.297340672,7
0.222006519,-3.501449476,7
-0.219564619,-4.509153066,7
0.224493251,-4.047683954,7